{
    "model_name": "Mental Health Predictor",
    "version": "1.0.0",
    "creation_date": "2025-04-25",
    "training_dataset_size": 10000,
    "test_dataset_size": 2000,
    "training_time_seconds": 300,
    "accuracy": 0.85,
    "classification_report": "              precision    recall  f1-score   support\n\n       Normal       0.87      0.89      0.88      1500\n   Distressed       0.82      0.79      0.80       500\n\n    accuracy                           0.85      2000\n   macro avg       0.84      0.84      0.84      2000\nweighted avg       0.86      0.85      0.86      2000\n"
}